_id,tên sản phẩm,ảnh sản phẩm,loại áo,form,thiết kế,màu sắc,size,chất liệu,giá tiền
652d7b308eb746ea4a0c5b59,Áo Khoác Nam Flannel Tay Dài Khóa Kéo Kẻ Caro Form Regular,Anhaonam/FlannelCaro-black.jpg,Áo Khoác,Regular ,Caro,BLACK,M,Flannel,981.000đ
652d7b308eb746ea4a0c5b5a,Áo Khoác Nam Flannel Tay Dài Khóa Kéo Kẻ Caro Form Regular,Anhaonam/FlannelCaro-black.jpg,Áo Khoác,Regular ,Caro,BLACK,L,Flannel,981.000đ
652d7b308eb746ea4a0c5b5b,Áo Khoác Nam Flannel Tay Dài Khóa Kéo Kẻ Caro Form Regular,Anhaonam/FlannelCaro-black.jpg,Áo Khoác,Regular ,Caro,BLACK,XL,Flannel,981.000đ
652d7b308eb746ea4a0c5b5c,Áo Khoác Nam Flannel Tay Dài Khóa Kéo Kẻ Caro Form Regular,Anhaonam/FlannelCaro-green.jpg,Áo Khoác,Regular ,Caro,GREEN,S,Flannel,981.000đ
652d7b308eb746ea4a0c5b5d,Áo Khoác Nam Flannel Tay Dài Khóa Kéo Kẻ Caro Form Regular,Anhaonam/FlannelCaro-green.jpg,Áo Khoác,Regular ,Caro,GREEN,M,Flannel,981.000đ
652d7b308eb746ea4a0c5b5e,Áo Khoác Nam Flannel Tay Dài Khóa Kéo Kẻ Caro Form Regular,Anhaonam/FlannelCaro-green.jpg,Áo Khoác,Regular ,Caro,GREEN,L,Flannel,981.000đ
652d7b308eb746ea4a0c5b5f,Áo Khoác Nam Flannel Tay Dài Khóa Kéo Kẻ Caro Form Regular,Anhaonam/FlannelCaro-green.jpg,Áo Khoác,Regular ,Caro,GREEN,XL,Flannel,981.000đ
652d7b308eb746ea4a0c5b60,Áo Len Polo Nam Dệt Kim Tay Ngắn Cotton Phối Túi Form Boxy,Anhaonam/Lenpolo.jpg,Áo Polo,Boxy,Trơn,TRAVERTINE,S,Cotton,569.000đ
652d7b308eb746ea4a0c5b61,Áo Len Polo Nam Dệt Kim Tay Ngắn Cotton Phối Túi Form Boxy,Anhaonam/Lenpolo.jpg,Áo Polo,Boxy,Trơn,TRAVERTINE,M,Cotton,569.000đ
652d7b308eb746ea4a0c5b62,Áo Len Polo Nam Dệt Kim Tay Ngắn Cotton Phối Túi Form Boxy,Anhaonam/Lenpolo.jpg,Áo Polo,Boxy,Trơn,TRAVERTINE,L,Cotton,569.000đ
652d7b308eb746ea4a0c5b63,Áo Khoác Chần Bông Nam Sát Nách Khóa Kéo Form Regular,Anhaonam/khoacchanbong-black.jpg,Áo Khoác Chần,Regular ,Trơn,BLACK,S,Polyester,785.000đ
652d7b308eb746ea4a0c5b64,Áo Khoác Chần Bông Nam Sát Nách Khóa Kéo Form Regular,Anhaonam/khoacchanbong-black.jpg,Áo Khoác Chần,Regular ,Trơn,BLACK,M,Polyester,785.000đ
652d7b308eb746ea4a0c5b65,Áo Khoác Chần Bông Nam Sát Nách Khóa Kéo Form Regular,Anhaonam/khoacchanbong-black.jpg,Áo Khoác Chần,Regular ,Trơn,BLACK,L,Polyester,785.000đ
652d7b308eb746ea4a0c5b66,Áo Khoác Chần Bông Nam Sát Nách Khóa Kéo Form Regular,Anhaonam/khoacchanbong-black.jpg,Áo Khoác Chần,Regular ,Trơn,BLACK,XL,Polyester,785.000đ
652d7b308eb746ea4a0c5b67,Áo Khoác Chần Bông Nam Sát Nách Khóa Kéo Form Regular,Anhaonam/khoacchanbong-dachshund.jpg,Áo Khoác Chần,Regular ,Trơn,DACHSHUND,S,Polyester,785.000đ
652d7b308eb746ea4a0c5b68,Áo Khoác Chần Bông Nam Sát Nách Khóa Kéo Form Regular,Anhaonam/khoacchanbong-dachshund.jpg,Áo Khoác Chần,Regular ,Trơn,DACHSHUND,M,Polyester,785.000đ
652d7b308eb746ea4a0c5b69,Áo Khoác Chần Bông Nam Sát Nách Khóa Kéo Form Regular,Anhaonam/khoacchanbong-dachshund.jpg,Áo Khoác Chần,Regular ,Trơn,DACHSHUND,L,Polyester,785.000đ
652d7b308eb746ea4a0c5b6a,Áo Khoác Chần Bông Nam Sát Nách Khóa Kéo Form Regular,Anhaonam/khoacchanbong-dachshund.jpg,Áo Khoác Chần,Regular ,Trơn,DACHSHUND,XL,Polyester,785.000đ
652d7b308eb746ea4a0c5b6b,Áo Khoác Chần Bông Nam Sát Nách Khóa Kéo Form Regular,Anhaonam/khoacchanbong-rainnyday.jpg,Áo Khoác Chần,Regular ,Trơn,RAINNY DAY,S,Polyester,785.000đ
652d7b308eb746ea4a0c5b6c,Áo Khoác Chần Bông Nam Sát Nách Khóa Kéo Form Regular,Anhaonam/khoacchanbong-rainnyday.jpg,Áo Khoác Chần,Regular ,Trơn,RAINNY DAY,M,Polyester,785.000đ
652d7b308eb746ea4a0c5b6d,Áo Khoác Chần Bông Nam Sát Nách Khóa Kéo Form Regular,Anhaonam/khoacchanbong-rainnyday.jpg,Áo Khoác Chần,Regular ,Trơn,RAINNY DAY,L,Polyester,785.000đ
652d7b308eb746ea4a0c5b6e,Áo Khoác Chần Bông Nam Sát Nách Khóa Kéo Form Regular,Anhaonam/khoacchanbong-rainnyday.jpg,Áo Khoác Chần,Regular ,Trơn,RAINNY DAY,XL,Polyester,785.000đ
652d7b308eb746ea4a0c5b6f,Áo Thun Nam Tay Ngắn Vải Nổi Trơn Phối Nhãn Form Loose,Anhaonam/thuntayngan-black.jpg,Áo Thun Tay Ngắn,Loose,Trơn,BLACK,XS,Cotton,294.000đ
652d7b308eb746ea4a0c5b70,Áo Thun Nam Tay Ngắn Vải Nổi Trơn Phối Nhãn Form Loose,Anhaonam/thuntayngan-black.jpg,Áo Thun Tay Ngắn,Loose,Trơn,BLACK,S,Cotton,294.000đ
652d7b308eb746ea4a0c5b71,Áo Thun Nam Tay Ngắn Vải Nổi Trơn Phối Nhãn Form Loose,Anhaonam/thuntayngan-black.jpg,Áo Thun Tay Ngắn,Loose,Trơn,BLACK,M,Cotton,294.000đ
652d7b308eb746ea4a0c5b72,Áo Thun Nam Tay Ngắn Vải Nổi Trơn Phối Nhãn Form Loose,Anhaonam/thuntayngan-black.jpg,Áo Thun Tay Ngắn,Loose,Trơn,BLACK,L,Cotton,294.000đ
652d7b308eb746ea4a0c5b73,Áo Thun Nam Tay Ngắn Vải Nổi Trơn Phối Nhãn Form Loose,Anhaonam/thuntayngan-black.jpg,Áo Thun Tay Ngắn,Loose,Trơn,BLACK,XL,Cotton,294.000đ
652d7b308eb746ea4a0c5b74,Áo Thun Nam Tay Ngắn Vải Nổi Trơn Phối Nhãn Form Loose,Anhaonam/thuntayngan-whitealyssum.jpg,Áo Thun Tay Ngắn,Loose,Trơn,WHITE ALYSSUM,XS,Cotton,294.000đ
652d7b308eb746ea4a0c5b75,Áo Thun Nam Tay Ngắn Vải Nổi Trơn Phối Nhãn Form Loose,Anhaonam/thuntayngan-whitealyssum.jpg,Áo Thun Tay Ngắn,Loose,Trơn,WHITE ALYSSUM,S,Cotton,294.000đ
652d7b308eb746ea4a0c5b76,Áo Thun Nam Tay Ngắn Vải Nổi Trơn Phối Nhãn Form Loose,Anhaonam/thuntayngan-whitealyssum.jpg,Áo Thun Tay Ngắn,Loose,Trơn,WHITE ALYSSUM,M,Cotton,294.000đ
652d7b308eb746ea4a0c5b77,Áo Thun Nam Tay Ngắn Vải Nổi Trơn Phối Nhãn Form Loose,Anhaonam/thuntayngan-whitealyssum.jpg,Áo Thun Tay Ngắn,Loose,Trơn,WHITE ALYSSUM,L,Cotton,294.000đ
652d7b308eb746ea4a0c5b78,Áo Thun Nam Tay Ngắn Vải Nổi Trơn Phối Nhãn Form Loose,Anhaonam/thuntayngan-whitealyssum.jpg,Áo Thun Tay Ngắn,Loose,Trơn,WHITE ALYSSUM,XL,Cotton,294.000đ
652d7b308eb746ea4a0c5b79,Áo Hoodie Unisex Tay Dài Có Túi Mũ In Hình Form Loose,Anhaonam/hoodie-black.jpg,Áo Hoodie,Loose,Họa Tiết In,BLACK,S,Cotton,638.000đ
652d7b308eb746ea4a0c5b7a,Áo Hoodie Unisex Tay Dài Có Túi Mũ In Hình Form Loose,Anhaonam/hoodie-black.jpg,Áo Hoodie,Loose,Họa Tiết In,BLACK,M,Cotton,638.000đ
652d7b308eb746ea4a0c5b7b,Áo Hoodie Unisex Tay Dài Có Túi Mũ In Hình Form Loose,Anhaonam/hoodie-black.jpg,Áo Hoodie,Loose,Họa Tiết In,BLACK,L,Cotton,638.000đ
652d7b308eb746ea4a0c5b7c,Áo Hoodie Unisex Tay Dài Có Túi Mũ In Hình Form Loose,Anhaonam/hoodie-black.jpg,Áo Hoodie,Loose,Họa Tiết In,BLACK,XL,Cotton,638.000đ
652d7b308eb746ea4a0c5b7d,Áo Hoodie Unisex Tay Dài Có Túi Mũ In Hình Form Loose,Anhaonam/hoodie-brown.jpg,Áo Hoodie,Loose,Họa Tiết In,BROWN,S,Cotton,638.000đ
652d7b308eb746ea4a0c5b7e,Áo Hoodie Unisex Tay Dài Có Túi Mũ In Hình Form Loose,Anhaonam/hoodie-brown.jpg,Áo Hoodie,Loose,Họa Tiết In,BROWN,M,Cotton,638.000đ
652d7b308eb746ea4a0c5b7f,Áo Hoodie Unisex Tay Dài Có Túi Mũ In Hình Form Loose,Anhaonam/hoodie-brown.jpg,Áo Hoodie,Loose,Họa Tiết In,BROWN,L,Cotton,638.000đ
652d7b308eb746ea4a0c5b80,Áo Hoodie Unisex Tay Dài Có Túi Mũ In Hình Form Loose,Anhaonam/hoodie-brown.jpg,Áo Hoodie,Loose,Họa Tiết In,BROWN,XL,Cotton,638.000đ
652d7b308eb746ea4a0c5b81,Áo Hoodie Unisex Tay Dài Có Túi Mũ In Hình Form Loose,Anhaonam/hoodie-beige.jpg,Áo Hoodie,Loose,Họa Tiết In,BEIGE,S,Cotton,638.000đ
652d7b308eb746ea4a0c5b82,Áo Hoodie Unisex Tay Dài Có Túi Mũ In Hình Form Loose,Anhaonam/hoodie-beige.jpg,Áo Hoodie,Loose,Họa Tiết In,BEIGE,M,Cotton,638.000đ
652d7b308eb746ea4a0c5b83,Áo Hoodie Unisex Tay Dài Có Túi Mũ In Hình Form Loose,Anhaonam/hoodie-beige.jpg,Áo Hoodie,Loose,Họa Tiết In,BEIGE,L,Cotton,638.000đ
652d7b308eb746ea4a0c5b84,Áo Hoodie Unisex Tay Dài Có Túi Mũ In Hình Form Loose,Anhaonam/hoodie-beige.jpg,Áo Hoodie,Loose,Họa Tiết In,BEIGE,XL,Cotton,638.000đ
652d7b308eb746ea4a0c5b85,Áo Sweater Nam Basic Cổ Tròn Nhãn Trang Trí Form Regular,Anhaonam/sweater-bluequartz.jpg,Áo Sweater,Regular ,Trơn,BLUE QUARTZ,S,Cotton,540.000đ
652d7b308eb746ea4a0c5b86,Áo Sweater Nam Basic Cổ Tròn Nhãn Trang Trí Form Regular,Anhaonam/sweater-bluequartz.jpg,Áo Sweater,Regular ,Trơn,BLUE QUARTZ,M,Cotton,540.000đ
652d7b308eb746ea4a0c5b87,Áo Sweater Nam Basic Cổ Tròn Nhãn Trang Trí Form Regular,Anhaonam/sweater-bluequartz.jpg,Áo Sweater,Regular ,Trơn,BLUE QUARTZ,L,Cotton,540.000đ
652d7b308eb746ea4a0c5b88,Áo Sweater Nam Basic Cổ Tròn Nhãn Trang Trí Form Regular,Anhaonam/sweater-bluequartz.jpg,Áo Sweater,Regular ,Trơn,BLUE QUARTZ,XL,Cotton,540.000đ
652d7b308eb746ea4a0c5b89,Áo Sweater Nam Basic Cổ Tròn Nhãn Trang Trí Form Regular,Anhaonam/sweater-bluequartz.jpg,Áo Sweater,Regular ,Trơn,BLUE QUARTZ,XXL,Cotton,540.000đ
652d7b308eb746ea4a0c5b8a,Áo Sweater Nam Basic Cổ Tròn Nhãn Trang Trí Form Regular,Anhaonam/sweater-beige.jpg,Áo Sweater,Regular ,Trơn,BEIGE,S,Cotton,540.000đ
652d7b308eb746ea4a0c5b8b,Áo Sweater Nam Basic Cổ Tròn Nhãn Trang Trí Form Regular,Anhaonam/sweater-beige.jpg,Áo Sweater,Regular ,Trơn,BEIGE,M,Cotton,540.000đ
652d7b308eb746ea4a0c5b8c,Áo Sweater Nam Basic Cổ Tròn Nhãn Trang Trí Form Regular,Anhaonam/sweater-beige.jpg,Áo Sweater,Regular ,Trơn,BEIGE,L,Cotton,540.000đ
652d7b308eb746ea4a0c5b8d,Áo Sweater Nam Basic Cổ Tròn Nhãn Trang Trí Form Regular,Anhaonam/sweater-beige.jpg,Áo Sweater,Regular ,Trơn,BEIGE,XL,Cotton,540.000đ
652d7b308eb746ea4a0c5b8e,Áo Sweater Nam Basic Cổ Tròn Nhãn Trang Trí Form Regular,Anhaonam/sweater-beige.jpg,Áo Sweater,Regular ,Trơn,BEIGE,XXL,Cotton,540.000đ
652d7b308eb746ea4a0c5b8f,Áo Sweater Nam Basic Cổ Tròn Nhãn Trang Trí Form Regular,Anhaonam/sweater-black.jpg,Áo Sweater,Regular ,Trơn,BLACK,S,Cotton,540.000đ
652d7b308eb746ea4a0c5b90,Áo Sweater Nam Basic Cổ Tròn Nhãn Trang Trí Form Regular,Anhaonam/sweater-black.jpg,Áo Sweater,Regular ,Trơn,BLACK,M,Cotton,540.000đ
652d7b308eb746ea4a0c5b91,Áo Sweater Nam Basic Cổ Tròn Nhãn Trang Trí Form Regular,Anhaonam/sweater-black.jpg,Áo Sweater,Regular ,Trơn,BLACK,L,Cotton,540.000đ
652d7b308eb746ea4a0c5b92,Áo Sweater Nam Basic Cổ Tròn Nhãn Trang Trí Form Regular,Anhaonam/sweater-black.jpg,Áo Sweater,Regular ,Trơn,BLACK,XL,Cotton,540.000đ
652d7b308eb746ea4a0c5b93,Áo Sweater Nam Basic Cổ Tròn Nhãn Trang Trí Form Regular,Anhaonam/sweater-black.jpg,Áo Sweater,Regular ,Trơn,BLACK,XXL,Cotton,540.000đ
652d7b308eb746ea4a0c5b94,Áo Khoác Bomber Nam Kaki Khóa Kéo Gập Ly Form Regular,Anhaonam/khoacbomberkaki-beige.jpg,Áo Khoác Bomber,Regular ,Trơn,BEIGE,S,Khaki,1.178.000đ
652d7b308eb746ea4a0c5b95,Áo Khoác Bomber Nam Kaki Khóa Kéo Gập Ly Form Regular,Anhaonam/khoacbomberkaki-beige.jpg,Áo Khoác Bomber,Regular ,Trơn,BEIGE,M,Khaki,1.178.000đ
652d7b308eb746ea4a0c5b96,Áo Khoác Bomber Nam Kaki Khóa Kéo Gập Ly Form Regular,Anhaonam/khoacbomberkaki-beige.jpg,Áo Khoác Bomber,Regular ,Trơn,BEIGE,L,Khaki,1.178.000đ
652d7b308eb746ea4a0c5b97,Áo Khoác Bomber Nam Kaki Khóa Kéo Gập Ly Form Regular,Anhaonam/khoacbomberkaki-beige.jpg,Áo Khoác Bomber,Regular ,Trơn,BEIGE,XL,Khaki,1.178.000đ
652d7b308eb746ea4a0c5b98,Áo Khoác Bomber Nam Kaki Khóa Kéo Gập Ly Form Regular,Anhaonam/khoacbomberkaki-black.jpg,Áo Khoác Bomber,Regular ,Trơn,BLACK,S,Khaki,1.178.000đ
652d7b308eb746ea4a0c5b99,Áo Khoác Bomber Nam Kaki Khóa Kéo Gập Ly Form Regular,Anhaonam/khoacbomberkaki-black.jpg,Áo Khoác Bomber,Regular ,Trơn,BLACK,M,Khaki,1.178.000đ
652d7b308eb746ea4a0c5b9a,Áo Khoác Bomber Nam Kaki Khóa Kéo Gập Ly Form Regular,Anhaonam/khoacbomberkaki-black.jpg,Áo Khoác Bomber,Regular ,Trơn,BLACK,L,Khaki,1.178.000đ
652d7b308eb746ea4a0c5b9b,Áo Khoác Bomber Nam Kaki Khóa Kéo Gập Ly Form Regular,Anhaonam/khoacbomberkaki-black.jpg,Áo Khoác Bomber,Regular ,Trơn,BLACK,XL,Khaki,1.178.000đ
652d7b308eb746ea4a0c5b9c,Áo Khoác Nam Dây Kéo Cổ Trụ Phối Màu Form Regular,Anhaonam/aokhoac-goldflame.jpg,Áo Khoác,Regular ,Phối Màu,GOLD FLAME,S,Polyester,883.000đ
652d7b308eb746ea4a0c5b9d,Áo Khoác Nam Dây Kéo Cổ Trụ Phối Màu Form Regular,Anhaonam/aokhoac-goldflame.jpg,Áo Khoác,Regular ,Phối Màu,GOLD FLAME,M,Polyester,883.000đ
652d7b308eb746ea4a0c5b9e,Áo Khoác Nam Dây Kéo Cổ Trụ Phối Màu Form Regular,Anhaonam/aokhoac-goldflame.jpg,Áo Khoác,Regular ,Phối Màu,GOLD FLAME,L,Polyester,883.000đ
652d7b308eb746ea4a0c5b9f,Áo Khoác Nam Dây Kéo Cổ Trụ Phối Màu Form Regular,Anhaonam/aokhoac-goldflame.jpg,Áo Khoác,Regular ,Phối Màu,GOLD FLAME,XL,Polyester,883.000đ
652d7b308eb746ea4a0c5ba0,Áo Khoác Nam Dây Kéo Cổ Trụ Phối Màu Form Regular,Anhaonam/aokhoac-goldflame.jpg,Áo Khoác,Regular ,Phối Màu,GOLD FLAME,XXL,Polyester,883.000đ
652d7b308eb746ea4a0c5ba1,Áo Khoác Nam Dây Kéo Cổ Trụ Phối Màu Form Regular,Anhaonam/aokhoac-pageantblue.jpg,Áo Khoác,Regular ,Phối Màu,PAGEANT BLUE,S,Polyester,883.000đ
652d7b308eb746ea4a0c5ba2,Áo Khoác Nam Dây Kéo Cổ Trụ Phối Màu Form Regular,Anhaonam/aokhoac-pageantblue.jpg,Áo Khoác,Regular ,Phối Màu,PAGEANT BLUE,M,Polyester,883.000đ
652d7b308eb746ea4a0c5ba3,Áo Khoác Nam Dây Kéo Cổ Trụ Phối Màu Form Regular,Anhaonam/aokhoac-pageantblue.jpg,Áo Khoác,Regular ,Phối Màu,PAGEANT BLUE,L,Polyester,883.000đ
652d7b308eb746ea4a0c5ba4,Áo Khoác Nam Dây Kéo Cổ Trụ Phối Màu Form Regular,Anhaonam/aokhoac-pageantblue.jpg,Áo Khoác,Regular ,Phối Màu,PAGEANT BLUE,XL,Polyester,883.000đ
652d7b308eb746ea4a0c5ba5,Áo Khoác Nam Dây Kéo Cổ Trụ Phối Màu Form Regular,Anhaonam/aokhoac-pageantblue.jpg,Áo Khoác,Regular ,Phối Màu,PAGEANT BLUE,XXL,Polyester,883.000đ
652d7b308eb746ea4a0c5ba6,Áo Khoác Nam Dây Kéo Cổ Trụ Phối Màu Form Regular,Anhaonam/aokhoac-whitealyssum.jpg,Áo Khoác,Regular ,Phối Màu,WHITE ALYSSUM,S,Polyester,883.000đ
652d7b308eb746ea4a0c5ba7,Áo Khoác Nam Dây Kéo Cổ Trụ Phối Màu Form Regular,Anhaonam/aokhoac-whitealyssum.jpg,Áo Khoác,Regular ,Phối Màu,WHITE ALYSSUM,M,Polyester,883.000đ
652d7b308eb746ea4a0c5ba8,Áo Khoác Nam Dây Kéo Cổ Trụ Phối Màu Form Regular,Anhaonam/aokhoac-whitealyssum.jpg,Áo Khoác,Regular ,Phối Màu,WHITE ALYSSUM,L,Polyester,883.000đ
652d7b308eb746ea4a0c5ba9,Áo Khoác Nam Dây Kéo Cổ Trụ Phối Màu Form Regular,Anhaonam/aokhoac-whitealyssum.jpg,Áo Khoác,Regular ,Phối Màu,WHITE ALYSSUM,XL,Polyester,883.000đ
652d7b308eb746ea4a0c5baa,Áo Khoác Nam Dây Kéo Cổ Trụ Phối Màu Form Regular,Anhaonam/aokhoac-whitealyssum.jpg,Áo Khoác,Regular ,Phối Màu,WHITE ALYSSUM,XXL,Polyester,883.000đ
652d7b308eb746ea4a0c5bab,Áo Gile Len Nam Dệt Kim Sát Nách Acrylic Cổ V Form Regular,Anhaonam/gilelen-beige.jpg,Áo Gile,Regular ,Trơn,BEIGE,S,Acrylic,471.000đ
652d7b308eb746ea4a0c5bac,Áo Gile Len Nam Dệt Kim Sát Nách Acrylic Cổ V Form Regular,Anhaonam/gilelen-beige.jpg,Áo Gile,Regular ,Trơn,BEIGE,M,Acrylic,471.000đ
652d7b308eb746ea4a0c5bad,Áo Gile Len Nam Dệt Kim Sát Nách Acrylic Cổ V Form Regular,Anhaonam/gilelen-beige.jpg,Áo Gile,Regular ,Trơn,BEIGE,L,Acrylic,471.000đ
652d7b308eb746ea4a0c5bae,Áo Gile Len Nam Dệt Kim Sát Nách Acrylic Cổ V Form Regular,Anhaonam/gilelen-beige.jpg,Áo Gile,Regular ,Trơn,BEIGE,XL,Acrylic,471.000đ
652d7b308eb746ea4a0c5baf,Áo Gile Len Nam Dệt Kim Sát Nách Acrylic Cổ V Form Regular,Anhaonam/gilelen-black.jpg,Áo Gile,Regular ,Trơn,BLACK,S,Acrylic,471.000đ
652d7b308eb746ea4a0c5bb0,Áo Gile Len Nam Dệt Kim Sát Nách Acrylic Cổ V Form Regular,Anhaonam/gilelen-black.jpg,Áo Gile,Regular ,Trơn,BLACK,M,Acrylic,471.000đ
652d7b308eb746ea4a0c5bb1,Áo Gile Len Nam Dệt Kim Sát Nách Acrylic Cổ V Form Regular,Anhaonam/gilelen-black.jpg,Áo Gile,Regular ,Trơn,BLACK,L,Acrylic,471.000đ
652d7b308eb746ea4a0c5bb2,Áo Gile Len Nam Dệt Kim Sát Nách Acrylic Cổ V Form Regular,Anhaonam/gilelen-black.jpg,Áo Gile,Regular ,Trơn,BLACK,XL,Acrylic,471.000đ
652d7b308eb746ea4a0c5bb3,Áo Gile Len Nam Dệt Kim Sát Nách Acrylic Cổ V Form Regular,Anhaonam/gilelen-grey.jpg,Áo Gile,Regular ,Trơn,GREY,S,Acrylic,471.000đ
652d7b308eb746ea4a0c5bb4,Áo Gile Len Nam Dệt Kim Sát Nách Acrylic Cổ V Form Regular,Anhaonam/gilelen-grey.jpg,Áo Gile,Regular ,Trơn,GREY,M,Acrylic,471.000đ
652d7b308eb746ea4a0c5bb5,Áo Gile Len Nam Dệt Kim Sát Nách Acrylic Cổ V Form Regular,Anhaonam/gilelen-grey.jpg,Áo Gile,Regular ,Trơn,GREY,L,Acrylic,471.000đ
652d7b308eb746ea4a0c5bb6,Áo Gile Len Nam Dệt Kim Sát Nách Acrylic Cổ V Form Regular,Anhaonam/gilelen-grey.jpg,Áo Gile,Regular ,Trơn,GREY,XL,Acrylic,471.000đ
652d7b308eb746ea4a0c5bb7,Áo Len Nam Dệt Kim Tay Dài Acrylic Cổ Cao Form Fitted,Anhaonam/len-black.jpg,Áo Len,Fitted,Trơn,BLACK,S,Acrylic,472.000đ
652d7b308eb746ea4a0c5bb8,Áo Len Nam Dệt Kim Tay Dài Acrylic Cổ Cao Form Fitted,Anhaonam/len-black.jpg,Áo Len,Fitted,Trơn,BLACK,M,Acrylic,472.000đ
652d7b308eb746ea4a0c5bb9,Áo Len Nam Dệt Kim Tay Dài Acrylic Cổ Cao Form Fitted,Anhaonam/len-black.jpg,Áo Len,Fitted,Trơn,BLACK,L,Acrylic,472.000đ
652d7b308eb746ea4a0c5bba,Áo Len Nam Dệt Kim Tay Dài Acrylic Cổ Cao Form Fitted,Anhaonam/len-black.jpg,Áo Len,Fitted,Trơn,BLACK,XL,Acrylic,472.000đ
652d7b308eb746ea4a0c5bbb,Áo Len Nam Dệt Kim Tay Dài Acrylic Cổ Cao Form Fitted,Anhaonam/len-brown.jpg,Áo Len,Fitted,Trơn,BROWN,S,Acrylic,472.000đ
652d7b308eb746ea4a0c5bbc,Áo Len Nam Dệt Kim Tay Dài Acrylic Cổ Cao Form Fitted,Anhaonam/len-brown.jpg,Áo Len,Fitted,Trơn,BROWN,M,Acrylic,472.000đ
652d7b308eb746ea4a0c5bbd,Áo Len Nam Dệt Kim Tay Dài Acrylic Cổ Cao Form Fitted,Anhaonam/len-brown.jpg,Áo Len,Fitted,Trơn,BROWN,L,Acrylic,472.000đ
652d7b308eb746ea4a0c5bbe,Áo Len Nam Dệt Kim Tay Dài Acrylic Cổ Cao Form Fitted,Anhaonam/len-brown.jpg,Áo Len,Fitted,Trơn,BROWN,XL,Acrylic,472.000đ
652d7b308eb746ea4a0c5bbf,Áo Sơ Mi Nam Tay Dài Sợi Coffee Cổ Gài Nút Trơn Form Fitted,Anhaonam/somi-black.jpg,Áo Sơ Mi,Fitted,Trơn,BLACK,S,Café,490.000đ
652d7b308eb746ea4a0c5bc0,Áo Sơ Mi Nam Tay Dài Sợi Coffee Cổ Gài Nút Trơn Form Fitted,Anhaonam/somi-black.jpg,Áo Sơ Mi,Fitted,Trơn,BLACK,M,Café,490.000đ
652d7b308eb746ea4a0c5bc1,Áo Sơ Mi Nam Tay Dài Sợi Coffee Cổ Gài Nút Trơn Form Fitted,Anhaonam/somi-black.jpg,Áo Sơ Mi,Fitted,Trơn,BLACK,L,Café,490.000đ
652d7b308eb746ea4a0c5bc2,Áo Sơ Mi Nam Tay Dài Sợi Coffee Cổ Gài Nút Trơn Form Fitted,Anhaonam/somi-black.jpg,Áo Sơ Mi,Fitted,Trơn,BLACK,XL,Café,490.000đ
652d7b308eb746ea4a0c5bc3,Áo Sơ Mi Nam Tay Dài Sợi Coffee Cổ Gài Nút Trơn Form Fitted,Anhaonam/somi-black.jpg,Áo Sơ Mi,Fitted,Trơn,BLACK,XXL,Café,490.000đ
652d7b308eb746ea4a0c5bc4,Áo Sơ Mi Nam Tay Dài Sợi Coffee Cổ Gài Nút Trơn Form Fitted,Anhaonam/somi-lightblue.jpg,Áo Sơ Mi,Fitted,Trơn,LIGHT BLUE,S,Café,490.000đ
652d7b308eb746ea4a0c5bc5,Áo Sơ Mi Nam Tay Dài Sợi Coffee Cổ Gài Nút Trơn Form Fitted,Anhaonam/somi-lightblue.jpg,Áo Sơ Mi,Fitted,Trơn,LIGHT BLUE,M,Café,490.000đ
652d7b308eb746ea4a0c5bc6,Áo Sơ Mi Nam Tay Dài Sợi Coffee Cổ Gài Nút Trơn Form Fitted,Anhaonam/somi-lightblue.jpg,Áo Sơ Mi,Fitted,Trơn,LIGHT BLUE,L,Café,490.000đ
652d7b308eb746ea4a0c5bc7,Áo Sơ Mi Nam Tay Dài Sợi Coffee Cổ Gài Nút Trơn Form Fitted,Anhaonam/somi-lightblue.jpg,Áo Sơ Mi,Fitted,Trơn,LIGHT BLUE,XL,Café,490.000đ
652d7b308eb746ea4a0c5bc8,Áo Sơ Mi Nam Tay Dài Sợi Coffee Cổ Gài Nút Trơn Form Fitted,Anhaonam/somi-lightblue.jpg,Áo Sơ Mi,Fitted,Trơn,LIGHT BLUE,XXL,Café,490.000đ
652d7b308eb746ea4a0c5bc9,Áo Sơ Mi Nam Tay Dài Sợi Coffee Cổ Gài Nút Trơn Form Fitted,Anhaonam/somi-white.jpg,Áo Sơ Mi,Fitted,Trơn,WHITE,S,Café,490.000đ
652d7b308eb746ea4a0c5bca,Áo Sơ Mi Nam Tay Dài Sợi Coffee Cổ Gài Nút Trơn Form Fitted,Anhaonam/somi-white.jpg,Áo Sơ Mi,Fitted,Trơn,WHITE,M,Café,490.000đ
652d7b308eb746ea4a0c5bcb,Áo Sơ Mi Nam Tay Dài Sợi Coffee Cổ Gài Nút Trơn Form Fitted,Anhaonam/somi-white.jpg,Áo Sơ Mi,Fitted,Trơn,WHITE,L,Café,490.000đ
652d7b308eb746ea4a0c5bcc,Áo Sơ Mi Nam Tay Dài Sợi Coffee Cổ Gài Nút Trơn Form Fitted,Anhaonam/somi-white.jpg,Áo Sơ Mi,Fitted,Trơn,WHITE,XL,Café,490.000đ
652d7b308eb746ea4a0c5bcd,Áo Sơ Mi Nam Tay Dài Sợi Coffee Cổ Gài Nút Trơn Form Fitted,Anhaonam/somi-white.jpg,Áo Sơ Mi,Fitted,Trơn,WHITE,XXL,Café,490.000đ
652d7b308eb746ea4a0c5b58,Áo Khoác Nam Flannel Tay Dài Khóa Kéo Kẻ Caro Form Regular,Anhaonam/FlannelCaro-black.jpg,Áo Khoác,Regular ,Caro,BLACK,S,Flannel,981.000đ
6531a6480f75038fea5027c3,Áo Vest Blazer Nam Kẻ Sọc Dọc Form Fitted - 10F22VES00,Anhaonam/10f22ves006_navywhite.jpg,Áo Vest,Fitted,Kẻ Sọc,NAVY/WHITE,L,Polyester,1.374.000đ
6531a8d10f75038fea5027c4,ÁO VEST BLAZER NAM PHỐI CỔ FORM FITTED - 10F22VES005,Anhaonam/10f22ves005_alloy.jpg,Áo Vest,Fitted,Phối Màu ,BLACK BEAUTY,L,Polyester,1.374.000đ
6531a9910f75038fea5027c5,Áo Vest Blazer Nam Tay Dài Trơn Form Fitted - 10F22VES002,Anhaonam/10f22ves002_beige.jpg,Áo Vest,Fitted,Trơn,BEIGE,XL,Cotton,1.228.000đ
6531aa620f75038fea5027c6,Áo Vest Blazer Nam Tay Dài Trơn Form Fitted,Anhaonam/10f22ves001_black_solid.jpg,Áo Vest,Fitted,Trơn,BLACK SOLID,XL,Cotton,1.326.000đ
6531ac2d0f75038fea5027c7,Áo Vest Blazer Nam Tay Dài Trơn Form Fitted - 10F21VES001,Anhaonam/dsc_4951_final_2__2.jpg,Áo Vest,Fitted,Trơn,DARK NAVY,XL,Cotton,1.326.000đ
6531ad070f75038fea5027c9,Áo Vest Blazer Nam Tay Dài Trơn Form Fitted - 10F21VES006,Anhaonam/10f21ves006-dark_navy-1_3.jpg,Áo Vest,Fitted,Trơn,DARK NAVY,L,Polyester,1.424.000đ
6531adf60f75038fea5027cb,Áo Vest Blazer Nam Tay Dài Trơn Form Fitted - 10F21VES003,Anhaonam/10f21ves003-trehouse-2_2.jpg,Áo Vest,Regular,Trơn,TREE HOUSE,XL,Cotton,1.031.000đ
6531c9833288bd2cee13ef4d,Áo Sơ Mi Nam Tay Dài Sợi Coffee Cổ Gài Nút Trơn Form Fitted - 10F23SHL090,Anhaonam/ao-nam-10f23shl090_black_2__1.jpg,Áo Sơ Mi,Fitted,Trơn,BLACK,XL,Cafe,490.000đ
6531ca6a3288bd2cee13ef4e,Áo Thun Nam Tay Ngắn Vải Coffee In Form Loose - 10S23TSS060,Anhaonam/10s23tss060-ao-thun-1_1__1_4.jpg,Áo Thun,Loose,Trơn,BLACK,XL,Cafe,490.000đ
6531cadc3288bd2cee13ef4f,Áo Sơ Mi Nam Tay Ngắn Sợi Coffee Trơn Form Fitted - 10S22SHS010CR2,Anhaonam/ao-so-mi-nam-1010-10s22shs010cr2_blue_1__2.jpg,Áo Sơ Mi,Fitted,Trơn,BLUE,XS,Cafe,490.000đ
6531cb7b3288bd2cee13ef50,Áo Thun Nam Tay Ngắn Vải Coffee In Chữ Form Loose - 10S23TSS062,Anhaonam/10s23tss062-ao-thun_3__1_2.jpg,Áo Thun,Loose,Họa Tiết In,BLACK,XL,Cafe,490.000đ
